-0.055299,0.124746,0.103452,-0.070723,-0.075203,0.035910,-0.061903,0.014348,0.107785,-0.045886,0.202594,-0.008334,-0.245428,0.064976,-0.003655,0.051840,-0.136809,-0.032773,-0.127303,-0.084430,0.090446,0.123246,0.007110,-0.005903,-0.148173,-0.326538,-0.048791,-0.098249,0.119066,-0.183765,0.036060,-0.095043,-0.170873,0.024990,0.007367,0.032020,-0.032771,-0.147354,0.197066,0.116294,-0.152219,0.030378,-0.032867,0.256707,0.139034,0.061156,0.018310,-0.064965,0.121406,-0.240549,0.092123,0.140821,0.077210,0.056691,0.137590,-0.189182,0.024247,0.128227,-0.239310,0.117430,0.024893,-0.034311,0.021250,-0.091718,0.147484,0.068293,-0.121180,-0.092718,0.060544,-0.164201,-0.018925,0.057916,-0.058662,-0.172967,-0.226234,0.086327,0.383160,0.217079,-0.224424,0.000953,-0.029928,-0.063688,0.095578,0.115146,-0.101550,0.034312,-0.032302,0.029192,0.152964,0.002562,-0.025177,0.261648,-0.051478,0.015526,0.020795,-0.028234,-0.209865,-0.051308,-0.000018,-0.050607,0.024230,-0.147544,0.009973,0.100826,-0.212083,0.148736,-0.038843,-0.088636,0.014158,0.043732,-0.096849,-0.044756,0.185824,-0.287047,0.184942,0.222561,-0.004769,0.164614,0.098831,0.094908,0.019703,0.073530,-0.113476,-0.092425,-0.014789,-0.006230,0.047447,-0.026428
-0.059023,0.043026,0.094569,-0.010506,-0.150340,-0.024623,-0.062393,-0.062820,0.133857,-0.084712,0.208428,-0.071184,-0.268372,0.086434,-0.052277,0.201007,-0.196136,-0.074432,-0.144433,-0.099441,-0.047345,0.055367,0.054207,0.077860,-0.128689,-0.307396,-0.062147,-0.130668,0.059636,-0.091065,-0.044181,0.010980,-0.096337,0.038978,0.093899,0.060511,-0.095138,-0.057959,0.312989,0.019524,-0.239863,0.011212,0.079559,0.173327,0.234462,0.024011,0.013063,-0.113611,0.127239,-0.228542,0.071745,0.237476,0.088014,0.114083,0.083142,-0.117444,-0.040213,0.243066,-0.133986,0.017088,0.083595,-0.060778,0.014706,-0.032711,0.181070,0.059604,-0.173828,-0.096430,0.123986,-0.211587,-0.080895,0.059171,-0.090348,-0.183454,-0.256913,-0.007359,0.347381,0.121044,-0.184038,-0.001837,-0.027868,-0.140001,0.003901,0.132195,-0.095762,-0.035212,-0.029573,-0.011958,0.186700,-0.038661,0.117165,0.240358,0.007824,0.012015,0.005569,0.059351,-0.172373,-0.105999,-0.113853,-0.079888,-0.048979,-0.035804,0.000173,0.036596,-0.225964,0.182032,-0.050376,-0.092259,-0.057369,-0.014951,-0.035464,-0.016894,0.236216,-0.202047,0.159740,0.167831,0.029087,0.113843,0.091429,0.050041,-0.034401,-0.025775,-0.141342,-0.067861,0.041925,-0.075498,0.055781,-0.005835
-0.059149,0.025202,0.126108,0.027671,0.042104,-0.065237,-0.035565,-0.149926,0.136210,-0.063573,0.279619,-0.055322,-0.174639,-0.150751,-0.015748,0.165035,-0.117670,-0.075784,-0.007976,-0.036365,0.082499,-0.027198,0.073585,0.019414,-0.100685,-0.401715,-0.085418,-0.124316,0.033013,-0.034213,-0.032596,0.130639,-0.119667,-0.008187,-0.046064,0.094960,-0.004821,-0.079166,0.205002,-0.043376,-0.176320,-0.027008,-0.009372,0.213334,0.190926,-0.005361,0.147066,-0.103314,0.059991,-0.187358,0.065991,0.056767,0.053469,0.057282,0.013945,-0.182535,-0.016118,0.028622,-0.168854,0.077265,0.065908,-0.097007,-0.038500,0.009551,0.212161,0.117597,-0.118796,-0.104259,0.134388,-0.151622,-0.017535,0.037023,-0.155821,-0.200120,-0.363484,0.052886,0.367126,0.078380,-0.198132,0.037835,-0.058367,0.033283,0.156841,0.139540,-0.037177,0.052032,-0.141050,0.018186,0.170379,-0.034699,-0.092170,0.222539,-0.038611,0.069943,0.024061,0.106316,-0.022099,0.057398,-0.126566,0.010802,0.108010,-0.020915,0.030537,0.074577,-0.143457,0.135868,-0.020083,0.051624,0.064803,-0.031841,-0.129255,-0.033170,0.156621,-0.198334,0.125146,0.170646,0.096779,0.185886,0.120012,0.112649,-0.006011,-0.064153,-0.194226,0.051569,0.051522,0.058997,0.054224,0.076510
-0.128614,0.044588,0.034226,-0.026961,-0.077222,-0.031783,-0.052666,-0.057702,0.119921,-0.051619,0.166341,-0.027031,-0.211647,0.015008,-0.053782,0.082737,-0.154113,-0.112668,-0.082295,-0.064207,0.075299,0.049438,0.004601,0.066389,-0.134030,-0.287413,-0.179992,-0.128059,0.036394,-0.127712,-0.014513,-0.149995,-0.155705,-0.032540,0.007345,0.015708,-0.021056,-0.124127,0.176193,0.035379,-0.124820,-0.023393,0.079415,0.295450,0.119373,0.094266,-0.033992,0.028036,0.090341,-0.231255,0.132372,0.122357,0.132570,0.066704,0.142909,-0.097777,0.015559,0.171664,-0.213674,0.100872,0.050177,0.052899,0.046965,-0.075133,0.232478,0.157113,-0.110866,-0.090498,0.129333,-0.213765,-0.023664,-0.005015,-0.092689,-0.175497,-0.230218,0.048691,0.406394,0.184319,-0.132158,-0.017680,-0.058855,-0.051752,0.046349,-0.025783,-0.121202,0.065707,-0.099441,0.017221,0.207244,0.020173,0.007239,0.220980,-0.014485,-0.060479,0.079590,-0.015581,-0.110741,-0.059259,-0.070894,0.041475,-0.034329,-0.126349,0.011988,0.083404,-0.143157,0.065564,0.012059,-0.091619,-0.094033,0.105621,-0.220943,-0.095034,0.167205,-0.247367,0.143488,0.143308,0.019856,0.113072,-0.000636,0.097392,-0.043020,0.023217,-0.083704,-0.085741,0.022112,-0.033577,0.072146,0.050685
-0.163275,0.147602,-0.101692,0.003605,-0.087820,0.034289,-0.020832,-0.131143,0.204830,-0.077579,0.153724,-0.023840,-0.247160,-0.004541,-0.040124,0.114106,-0.169967,-0.170281,-0.040040,-0.045929,0.113189,0.022592,-0.009496,0.150818,-0.128925,-0.302511,-0.060809,-0.160196,0.044559,-0.098750,-0.022077,-0.002334,-0.154160,-0.028577,0.068271,0.153662,-0.061194,-0.053621,0.265468,-0.004749,-0.180385,-0.038263,0.107314,0.251656,0.184350,0.035717,-0.015736,-0.132747,0.182694,-0.239216,0.035037,0.214295,0.084115,0.137693,0.025204,-0.213293,0.034410,0.079121,-0.222361,0.007043,0.060128,-0.074077,-0.031088,-0.024290,0.210477,0.107904,-0.087771,-0.153365,0.141897,-0.247064,-0.055826,0.095056,-0.107714,-0.247993,-0.193738,0.026052,0.396563,0.212670,-0.048631,0.124956,-0.041369,-0.080553,0.052341,0.100335,-0.051796,0.019345,-0.062504,0.079898,0.206661,-0.009215,0.036411,0.221225,-0.001754,0.092638,0.059362,0.039481,-0.115753,0.003628,-0.125384,-0.034862,-0.035122,-0.018874,0.083745,0.034263,-0.181395,0.112313,-0.017228,-0.014501,-0.065577,-0.041617,-0.117575,0.008100,0.168980,-0.252866,0.232169,0.102217,0.034387,0.173559,0.101797,0.060228,0.040224,-0.070828,-0.219359,-0.008141,0.085603,-0.023320,0.050858,-0.021768
-0.125107,0.073037,0.080428,-0.006214,-0.066362,-0.072486,-0.025205,-0.025602,0.106930,-0.027629,0.184393,-0.026656,-0.162428,0.014280,-0.040369,0.080449,-0.201475,-0.077189,-0.119968,-0.038991,0.079242,0.104615,0.025172,0.056157,-0.172458,-0.319272,-0.044445,-0.137663,0.052900,-0.117212,-0.010347,0.019642,-0.173801,-0.039555,0.010711,0.064250,-0.031663,-0.078478,0.151561,0.066323,-0.184521,0.091682,0.040931,0.309805,0.162991,0.062197,0.029378,-0.085202,0.074754,-0.189518,0.071148,0.161743,0.105192,0.047891,0.128423,-0.130205,0.085756,0.038055,-0.184452,0.093061,0.126952,0.030737,0.092738,-0.004179,0.060821,-0.026155,-0.036432,-0.083197,0.090187,-0.173788,-0.071820,0.063240,-0.070529,-0.228846,-0.251626,0.017034,0.361138,0.194896,-0.145570,0.052134,-0.076294,-0.088548,0.097521,0.013433,-0.096409,-0.007509,-0.144748,0.079546,0.216418,0.029277,0.016766,0.215456,0.056827,-0.120530,0.032382,0.002376,-0.148190,0.071563,-0.091366,0.010419,0.026028,-0.113221,-0.031373,0.069537,-0.247792,0.125793,0.014536,-0.095495,-0.041768,0.047057,-0.191866,-0.002938,0.145808,-0.222940,0.163021,0.232744,0.102756,0.120222,0.080777,0.014652,-0.005765,0.000514,-0.152666,-0.108030,0.023648,-0.001628,0.042965,0.067316
-0.101303,0.030878,0.065433,-0.008136,-0.079949,-0.027248,-0.068238,-0.058347,0.131727,-0.013937,0.167163,0.024366,-0.263804,-0.075658,0.033019,0.033052,-0.060974,-0.092519,-0.086943,-0.105097,0.011307,0.019702,0.082542,0.049188,-0.110271,-0.379791,-0.066766,-0.215468,0.065202,-0.181339,-0.057539,0.029673,-0.092304,-0.061718,0.014439,0.052425,-0.088471,-0.076537,0.246094,-0.020881,-0.137093,0.071435,0.037144,0.240039,0.189763,0.045257,0.109334,-0.038342,0.163952,-0.176281,0.059438,0.181535,0.143041,0.048263,0.206985,-0.176373,-0.017229,0.044387,-0.214176,0.192357,0.035512,-0.022677,-0.034930,-0.072468,0.131202,0.063222,-0.089488,-0.121459,0.163850,-0.188019,-0.008237,0.166614,-0.139818,-0.216056,-0.100598,0.032622,0.322985,0.180001,-0.167494,0.008610,-0.104423,-0.116846,-0.035380,-0.001714,-0.041041,-0.037793,-0.083506,0.001208,0.189671,0.021996,0.017369,0.193154,0.033722,0.002652,0.023578,0.045979,-0.189000,-0.020129,-0.091053,-0.046687,0.005069,-0.206740,0.025038,-0.025540,-0.182978,0.166717,-0.030848,-0.012749,-0.063794,0.061912,-0.118572,0.049908,0.195773,-0.301893,0.267964,0.190170,0.086539,0.112410,-0.016277,0.043473,-0.007361,-0.034101,-0.103574,-0.158170,-0.054587,-0.001504,0.004517,0.048715
-0.045604,0.063253,0.049830,0.012473,-0.107906,0.071330,0.018252,-0.020114,0.197361,-0.080982,0.210311,0.004090,-0.239483,-0.000976,-0.126514,0.105890,-0.118340,-0.090927,-0.142723,-0.039547,0.010791,0.005706,-0.015922,0.050346,-0.103996,-0.296792,-0.064349,-0.083682,0.110955,-0.104030,-0.042438,0.026196,-0.195844,-0.032615,-0.027771,0.058767,-0.031876,-0.101174,0.220889,0.037951,-0.132718,0.121962,-0.018841,0.265364,0.096895,0.057441,0.038765,-0.044926,0.133391,-0.287575,0.136556,0.125574,0.207077,0.063555,0.074907,-0.257893,-0.009393,0.151132,-0.200943,0.142264,0.000321,0.011296,0.015407,-0.059086,0.152423,0.197781,-0.056087,-0.148939,0.219208,-0.175390,0.076738,0.123309,-0.079397,-0.155885,-0.187207,0.086220,0.461329,0.211132,-0.145255,-0.083242,-0.122687,0.004178,0.049153,-0.040330,-0.106733,-0.105486,-0.098265,0.033320,0.217256,0.035310,-0.088978,0.190972,0.067863,-0.042185,-0.032461,-0.057865,-0.063444,0.023452,-0.042719,0.080367,-0.050349,-0.126182,-0.005989,0.036942,-0.184181,0.089019,-0.012609,-0.043411,0.012702,0.097474,-0.186200,0.035664,0.208123,-0.349734,0.283639,0.145334,0.043690,0.136402,0.026822,0.094730,0.040928,-0.068681,-0.130846,-0.129336,0.029704,-0.086991,0.047475,0.063793
-0.195630,0.122507,0.032919,-0.021530,-0.125351,-0.014533,-0.001677,-0.087605,0.180324,-0.066778,0.211688,-0.070774,-0.248170,-0.045305,-0.003343,0.115090,-0.137588,-0.083553,-0.050612,-0.054115,0.066963,-0.026581,-0.004524,0.071964,-0.134182,-0.332916,-0.062041,-0.039118,0.044584,-0.091485,-0.076049,0.018236,-0.159065,-0.085644,-0.019135,0.218112,-0.059181,-0.047444,0.140615,-0.006311,-0.135974,-0.046710,0.042010,0.330177,0.159778,0.086116,0.027394,-0.046908,0.148984,-0.323718,0.108197,0.101710,0.127415,0.059796,0.047944,-0.195405,0.016993,0.136897,-0.235824,0.084090,0.110872,-0.059049,-0.039839,-0.034255,0.302323,0.170653,-0.149264,-0.056016,0.139927,-0.133408,0.004484,0.029032,-0.069904,-0.237427,-0.280294,0.126582,0.439730,0.158257,-0.141792,-0.015637,-0.108433,0.003468,0.088440,0.038182,-0.092839,0.020050,-0.182271,0.057474,0.194305,-0.050867,0.001802,0.253038,0.076700,0.014474,0.020243,0.091409,-0.123904,0.017675,-0.139280,-0.009180,0.113902,-0.141450,0.029759,0.041511,-0.228196,0.170455,0.034562,-0.004310,0.005347,-0.083271,-0.164504,-0.028955,0.167177,-0.320000,0.155125,0.171028,0.060011,0.236676,0.087280,0.063313,0.079982,-0.055954,-0.077948,-0.047235,0.050633,-0.010441,0.035715,0.098854
-0.079675,0.077561,0.034962,-0.048363,-0.081838,-0.094251,0.013370,-0.050237,0.097541,-0.075099,0.313773,-0.113024,-0.217792,-0.040345,0.000697,0.051639,-0.178107,-0.044535,-0.092876,-0.038302,0.089078,0.019020,0.075548,0.075600,-0.077250,-0.403051,-0.076355,-0.074404,0.134312,-0.116890,0.019126,0.018265,-0.180204,-0.052982,0.017757,0.004300,-0.024259,-0.072466,0.154373,-0.063817,-0.179230,-0.006251,0.029902,0.246858,0.130239,0.121046,0.012712,-0.097697,0.008743,-0.176810,0.074942,0.147149,0.072982,0.018742,0.064162,-0.108668,-0.000640,0.157162,-0.179622,0.017741,0.065900,0.020526,0.044230,-0.090177,0.264415,0.056148,-0.166844,-0.081187,0.096868,-0.178027,-0.049937,0.066119,-0.086443,-0.176687,-0.220722,0.055443,0.407780,0.143420,-0.146411,0.003599,-0.121710,-0.034820,0.089202,0.091748,-0.091585,-0.056033,-0.093157,0.020316,0.138018,-0.004264,-0.052106,0.192565,-0.020207,0.001477,-0.001112,-0.005708,-0.153404,0.033866,-0.055368,0.007633,-0.008979,-0.056327,-0.047426,0.140117,-0.176802,0.140311,-0.008802,-0.047350,0.070533,0.060945,-0.034954,-0.110621,0.045398,-0.332206,0.185836,0.189169,0.111726,0.178081,0.022919,0.070389,0.053903,0.007917,-0.173986,-0.057685,0.054954,-0.049540,0.056108,-0.035951
-0.014333,0.159312,-0.022783,0.029448,-0.019097,-0.053320,0.021246,-0.048232,0.182899,0.035830,0.236797,0.028912,-0.309391,-0.120284,0.074883,0.106698,-0.079328,-0.090876,-0.141845,0.028330,0.147168,0.023578,0.018384,0.047081,-0.182613,-0.318877,-0.043017,-0.069200,0.010823,-0.129725,0.007592,0.113478,-0.171275,-0.073244,0.034666,0.004560,0.012473,-0.067306,0.239334,0.005674,-0.175088,0.009124,0.018449,0.229713,0.165722,-0.105509,0.084145,0.009702,0.068716,-0.314533,-0.010106,0.156302,0.116118,0.079429,0.131192,-0.137146,-0.010274,0.154269,-0.300119,0.089339,0.053455,-0.079265,-0.122878,-0.103506,0.118291,0.087110,-0.140639,-0.136771,0.038776,-0.156283,0.002959,0.133190,-0.132697,-0.235456,-0.306919,0.079090,0.309602,0.186766,-0.222564,0.046466,-0.048944,-0.005162,0.014194,-0.093298,-0.030110,0.002423,-0.111806,0.102302,0.180747,0.035301,-0.018701,0.280419,-0.021664,-0.004361,-0.013596,0.030952,-0.005441,-0.090512,-0.064008,0.080541,0.042366,-0.175152,0.009416,0.062288,-0.148772,0.069757,-0.021924,0.025206,-0.014138,0.022497,-0.191798,0.011230,0.142404,-0.292283,0.249305,0.124287,-0.035080,0.021718,-0.029005,0.045178,-0.044464,-0.024037,-0.099541,-0.106291,0.075910,-0.033625,0.041771,-0.049166
-0.034714,0.107668,0.059172,-0.024737,-0.119194,-0.059669,-0.117540,-0.054270,0.115518,-0.113399,0.235335,-0.027826,-0.226613,0.083164,-0.038543,0.055508,-0.064027,-0.103190,-0.078303,-0.087166,0.042302,-0.005707,-0.032876,0.080596,-0.200181,-0.285137,-0.084501,-0.080342,0.075821,-0.140701,-0.049198,-0.032968,-0.120039,-0.044851,0.042682,0.094103,-0.069623,-0.138331,0.245553,0.066402,-0.125145,0.017549,0.067873,0.277989,0.072657,0.042540,0.136588,-0.067083,0.110926,-0.218378,0.088533,0.112180,0.202583,0.129382,0.081304,-0.227514,0.067139,0.116432,-0.180387,0.162312,0.075284,-0.012404,-0.042870,-0.027844,0.252714,0.085070,-0.109870,-0.098285,0.110580,-0.172234,-0.054365,0.132817,-0.074548,-0.193842,-0.178509,0.065959,0.410820,0.212148,-0.144740,0.014237,-0.053903,-0.087869,0.014965,0.032166,-0.103741,0.020642,-0.052660,0.089973,0.276694,0.001923,-0.007784,0.187503,0.060328,0.060174,0.003576,0.000551,-0.153870,-0.017605,0.001989,0.011529,0.060538,-0.123822,0.009957,0.026058,-0.268049,0.149147,-0.017238,-0.081434,0.008788,0.105875,-0.165883,-0.040810,0.201274,-0.333128,0.162437,0.226882,0.129060,0.117680,0.090754,0.001191,0.099190,-0.017252,-0.118724,-0.105412,-0.017000,-0.082847,0.045047,0.022206
-0.078021,0.089755,0.104386,0.007220,-0.120065,-0.030665,-0.038874,-0.100343,0.145815,-0.140118,0.204079,-0.034339,-0.234175,0.010870,-0.020124,0.167303,-0.062778,-0.131079,-0.025787,-0.029486,0.093694,0.003857,-0.025748,0.060772,-0.079408,-0.348199,-0.132818,0.008423,0.038836,-0.039194,0.031209,0.083814,-0.119648,0.054503,0.063708,0.084755,-0.080248,-0.104042,0.199620,-0.066002,-0.203225,-0.037778,0.073158,0.189501,0.252758,0.056586,0.015983,-0.118228,0.120205,-0.281584,0.031516,0.152659,0.055884,0.056795,0.070645,-0.170520,0.016773,0.136232,-0.238245,0.016860,0.018654,-0.142937,-0.061853,-0.043246,0.206866,0.161268,-0.157441,-0.140716,0.219665,-0.256279,-0.010037,0.047125,-0.107520,-0.198550,-0.271479,0.017484,0.422842,0.143723,-0.151167,0.047371,0.034860,0.029713,0.076797,0.089832,-0.113643,-0.158259,-0.123478,-0.006825,0.221311,-0.018028,-0.004546,0.235293,-0.020768,0.028252,0.021575,0.082717,-0.098976,-0.040475,-0.142425,-0.047302,0.005019,-0.059969,0.008703,0.154684,-0.169395,0.153777,-0.068434,0.012559,0.017620,-0.033798,-0.160796,-0.014632,0.138778,-0.204158,0.165333,0.090752,0.002928,0.150896,0.115615,0.129046,0.023501,-0.108111,-0.173022,-0.045736,0.049541,-0.056199,0.034720,-0.006096
-0.078027,0.080031,0.098655,-0.055798,-0.087810,0.009837,-0.037460,-0.135536,0.211802,-0.143177,0.249702,0.018668,-0.305644,0.011860,-0.079710,0.113032,-0.120603,-0.108882,-0.036387,-0.040384,0.056159,-0.024424,0.087502,0.057353,-0.104475,-0.357445,-0.132112,-0.121364,-0.001367,-0.029751,-0.064950,0.012234,-0.155993,-0.015293,-0.004529,-0.047717,-0.007691,-0.067171,0.209597,-0.020841,-0.201874,-0.032063,0.084177,0.171739,0.135334,0.066063,0.082246,-0.082291,0.114472,-0.250933,0.142922,0.112624,0.168914,0.008407,0.118491,-0.217737,-0.079984,0.165485,-0.112633,0.130771,0.015996,-0.015718,-0.057628,-0.069357,0.231992,0.156814,-0.175969,-0.082143,0.180156,-0.133816,-0.003046,0.077960,-0.158721,-0.201913,-0.223290,0.054306,0.426048,0.135445,-0.122558,-0.006804,-0.123456,-0.012389,-0.066983,0.091457,-0.116128,0.001236,-0.050908,0.001476,0.185277,-0.022872,-0.015917,0.283528,-0.045604,0.028616,-0.040990,0.077748,-0.135438,-0.065165,-0.103298,-0.030466,-0.006300,-0.075613,-0.032385,0.087174,-0.275221,0.044074,-0.073342,-0.047722,0.026825,0.039505,-0.073849,-0.062572,0.117969,-0.273069,0.140717,0.156925,0.061050,0.160772,0.032903,0.041161,0.070757,-0.064133,-0.135515,-0.099677,0.095203,-0.069055,0.012605,0.012358
-0.082047,0.104466,0.104085,0.015366,-0.127786,-0.017555,-0.019951,-0.019589,0.155809,-0.136952,0.227549,0.018240,-0.244742,-0.080611,0.014622,0.132073,-0.144928,-0.173804,-0.086816,-0.041200,0.098482,-0.045086,-0.015905,0.016038,-0.127210,-0.378046,-0.100246,-0.000794,0.049538,-0.072663,0.084490,0.053734,-0.157739,-0.033511,-0.050324,0.063652,-0.074494,-0.070398,0.262436,0.016998,-0.193063,-0.040657,0.013630,0.275923,0.193067,-0.012761,0.083695,-0.028781,0.108772,-0.339522,0.065207,0.206909,0.075228,0.072752,0.110556,-0.077454,-0.000876,0.228660,-0.208476,0.096727,0.045646,-0.112521,-0.066052,-0.076980,0.183414,0.142487,-0.102395,-0.176123,0.145075,-0.169922,-0.086362,0.115272,-0.114327,-0.160065,-0.362312,0.045485,0.474228,0.138626,-0.102272,0.012589,-0.046519,-0.039323,0.101302,0.061287,-0.086174,-0.070989,-0.125063,0.091883,0.169171,0.039830,-0.076746,0.201570,0.040123,0.032469,0.016702,0.042406,-0.038047,-0.029731,-0.135453,-0.014232,0.046200,-0.057292,0.005297,0.056065,-0.092884,0.102548,-0.021946,0.045915,0.001511,-0.018543,-0.207648,0.000663,0.150895,-0.251834,0.132032,0.143531,-0.028417,0.085611,0.139050,0.065225,-0.024041,-0.104388,-0.151822,-0.017424,0.025665,0.008267,0.072881,0.003623
-0.124605,0.086772,0.125517,-0.012777,-0.130753,-0.014636,-0.001090,-0.013109,0.158913,-0.078053,0.173657,-0.063068,-0.196418,0.060669,0.011940,0.175853,-0.248293,-0.083899,-0.095491,-0.146807,-0.012647,0.117753,-0.026340,0.036391,-0.117029,-0.344189,-0.053152,-0.027052,0.105385,-0.030538,0.066269,0.013329,-0.142051,-0.037389,0.054306,0.023604,-0.016670,-0.052136,0.181481,-0.012180,-0.196953,0.033796,0.072477,0.318019,0.127550,0.051512,-0.019600,-0.035997,0.115335,-0.281842,0.074356,0.134402,0.080329,0.027615,0.094556,-0.126666,-0.020211,0.245129,-0.188691,0.140817,0.092170,-0.068770,0.061229,-0.060877,0.188165,0.064053,-0.163068,-0.126853,0.039909,-0.129392,-0.061152,0.050986,-0.067063,-0.164964,-0.394918,0.048754,0.463160,0.087328,-0.190179,-0.040424,0.018782,-0.006485,0.150313,0.157059,-0.109132,-0.106673,-0.084907,0.026672,0.169624,0.047521,-0.100861,0.204526,0.004825,-0.004367,-0.050587,0.107499,-0.137759,-0.052447,-0.086091,-0.006787,0.034743,-0.011267,-0.024978,0.145367,-0.189702,0.211699,-0.011563,-0.009685,-0.011570,0.063375,-0.079715,0.021011,0.166085,-0.260352,0.153242,0.211147,-0.022319,0.168674,0.031650,-0.003892,-0.011787,0.028458,-0.130406,-0.087272,0.023238,-0.097457,0.100444,0.049404
-0.112557,0.146801,0.058359,-0.085746,-0.187240,0.054294,-0.182693,-0.158949,0.048096,-0.115707,0.282596,-0.037766,-0.250292,-0.081567,0.001462,0.124687,-0.171373,-0.123104,-0.038856,-0.052717,-0.006971,0.048320,-0.010783,0.043645,-0.114273,-0.331150,-0.102870,-0.120873,0.021019,-0.176462,-0.041159,-0.017817,-0.155351,-0.000662,0.000371,0.092491,-0.047243,-0.097132,0.186163,-0.002827,-0.105049,0.030191,0.011530,0.215712,0.234854,-0.047826,0.050261,-0.102260,0.138468,-0.290410,0.058645,0.155001,0.080897,0.105414,-0.014360,-0.096258,0.040208,0.144669,-0.180881,0.089032,0.126924,-0.186258,-0.100754,-0.007756,0.187689,0.141024,-0.106719,-0.180987,0.101859,-0.166084,-0.150229,0.044638,-0.113119,-0.166151,-0.332117,0.078385,0.365955,0.171019,-0.252938,0.000436,-0.047688,-0.016796,0.072241,0.080875,-0.012124,-0.126564,-0.111227,0.083440,0.235586,-0.050887,0.041257,0.269880,0.055483,0.114139,0.086788,0.143346,-0.022782,-0.079378,-0.048006,0.077289,0.015832,-0.085797,-0.025435,0.094058,-0.167148,0.224700,-0.030379,-0.045019,-0.011096,-0.122583,-0.023335,0.001423,0.205136,-0.270443,0.184164,0.208978,0.074907,0.171459,0.067593,0.070784,-0.028316,-0.090761,-0.178103,-0.108737,-0.005273,-0.009467,-0.047393,0.033768
-0.000063,-0.003953,-0.008869,0.018833,-0.039517,0.118100,0.042088,-0.011211,0.186135,-0.093370,0.199711,0.042358,-0.254393,0.018950,-0.065797,0.073571,-0.169982,-0.091909,-0.125736,-0.040827,-0.009897,0.077012,-0.027405,0.024079,-0.084670,-0.265194,-0.080389,-0.098163,0.125535,-0.136597,-0.005646,-0.011196,-0.150962,-0.011586,-0.042085,-0.059834,-0.036650,-0.150292,0.230776,0.082503,-0.126244,0.022229,0.027881,0.319892,0.099933,-0.031704,0.004337,-0.016286,0.057993,-0.327605,0.099039,0.141467,0.143037,0.086760,0.055996,-0.113831,-0.056974,0.175973,-0.138860,0.159912,0.048610,0.066447,0.007974,-0.061672,0.149952,0.127692,-0.088847,-0.150485,0.066418,-0.206189,-0.066392,0.062358,-0.082395,-0.190216,-0.184250,0.079188,0.361114,0.207612,-0.113999,0.021174,-0.108865,-0.050508,0.115702,0.036450,-0.018295,-0.047829,-0.036472,0.050750,0.222845,0.021635,-0.059211,0.201969,0.014338,-0.111070,-0.006444,-0.006361,-0.016698,-0.001497,-0.075521,0.032001,-0.006745,-0.031668,0.028166,0.067063,-0.154806,0.128917,0.020803,-0.059980,0.140813,0.029333,-0.143969,-0.019338,0.183614,-0.296102,0.172209,0.116722,0.045046,0.090803,0.003298,0.097606,0.007590,-0.002248,-0.161540,-0.083100,0.025373,-0.017113,0.001177,-0.022748
-0.112466,0.104786,-0.009194,-0.060833,-0.101979,0.032702,0.021341,-0.086571,0.160596,-0.085536,0.145313,-0.013165,-0.266619,-0.051874,0.024929,0.117753,-0.145827,-0.079809,-0.130448,-0.103466,0.170894,0.051519,0.007139,0.060366,-0.197021,-0.297164,-0.059997,-0.116161,0.052460,-0.073703,-0.006808,-0.071550,-0.089305,-0.062862,-0.001856,0.045026,-0.035989,-0.173649,0.197986,-0.031114,-0.129069,0.079461,0.072377,0.267236,0.197254,0.022536,0.056066,-0.053152,0.198090,-0.265543,0.141720,0.038309,0.119986,0.068685,0.218721,-0.206361,0.015668,0.162637,-0.245717,0.049497,0.010523,0.051345,0.030719,-0.085570,0.199597,0.099681,-0.126476,-0.047544,0.153681,-0.140386,-0.041424,-0.063660,-0.128118,-0.153043,-0.299380,0.097671,0.371013,0.216247,-0.196022,0.025943,-0.017587,0.010408,0.079777,0.010965,-0.111651,-0.040862,-0.059691,0.038460,0.154758,0.013037,-0.044913,0.323319,0.081548,-0.086705,0.078849,0.022589,-0.171700,-0.020545,-0.087886,0.029373,0.108598,-0.171335,0.070959,0.128384,-0.267067,0.149287,-0.033852,-0.000292,-0.017408,0.022688,-0.217567,0.038481,0.150888,-0.268372,0.141997,0.159368,0.050574,0.174537,0.065428,0.027460,0.051413,0.059100,-0.155533,-0.081727,0.093135,-0.007322,0.059137,0.147995
-0.021036,0.092409,0.130167,-0.095945,-0.091540,-0.014238,-0.053782,-0.085457,0.195863,-0.103129,0.107678,-0.041169,-0.319826,0.123510,0.004632,0.139821,-0.165769,-0.176547,-0.076249,0.044656,-0.016176,0.118994,-0.037712,0.031232,-0.091987,-0.277985,-0.054705,-0.023758,0.005879,-0.022190,-0.028086,0.089523,-0.179197,-0.078123,0.092644,0.119802,-0.089981,-0.161906,0.167088,0.019272,-0.264619,-0.147799,0.095794,0.242023,0.200503,-0.002913,0.000747,-0.090515,0.052641,-0.369766,0.002362,0.179949,0.044652,0.150436,0.037771,-0.189381,0.094006,0.098143,-0.181998,0.033229,0.187929,-0.080514,0.057340,-0.045380,0.262030,0.011927,-0.154550,-0.070845,0.149347,-0.164437,-0.110858,0.009624,-0.102561,-0.183517,-0.259147,-0.053486,0.411110,0.146294,-0.111863,0.095269,-0.079017,-0.043957,0.042859,0.131715,0.006527,0.018550,-0.020316,0.047366,0.284983,-0.036221,0.043084,0.217161,-0.001208,-0.015698,0.048095,0.071810,-0.017311,-0.000264,-0.188467,0.063938,-0.028212,-0.049147,0.021591,0.186207,-0.179748,0.168588,0.058039,-0.035297,0.078857,-0.023584,-0.109619,-0.114479,0.194429,-0.236797,0.134368,0.158537,0.030853,0.101323,0.031872,0.118300,0.058165,-0.033065,-0.201129,-0.108127,0.049602,-0.010818,0.002754,0.063816
